"CORE","SECTION_NO","DEPTH_CM","MASS_MG_CM2","YEAR","DN15","DC_13","PERC_N","PERC_C","C_N","FUCO","SED_B","SUDAN","ALLO","DIATOX","LUT_ZEA","CANTH","CHL_A","CHL_AP","ECHINE","PHEO_B","PHEO_A","B_CAR","CHLA_PHEOA","ANABAENA","ANABANA_WET","APHANIZOMEN","APHAN_WET","COSMARIUM","NAVICULA","PEDIASTRUM","SCENEDESMUS","STAURASTRUM","TEILINGIA","TETRAEDRON","TETRASTRUM","TRACHELOMO","ALL_CYANO","ALL_CHLOROPH","AUL_ISLANDIC","AUL_DISTANS","AUL_SUBARCTI","AUL_AMBIGUA","AUL_GRANULAT","OTHER_AUL","CYCLO_DUBIUS","CYCLO_THOLIF","STEPH_MEDIUS","STEPH_HANTZS","STEPH_MINUTU","STEPH_MINUT1","STEPH_NIAGAR","STEPH_PARVUS","RARE_PLANKTO","EPIPHYTES","SMALL_FRAGIL","RARE_BENTHIC","DIATOM_CONC","TP"
1,1,0.375,,2006,7.43,-28.07,0.39,2.86,8.53,27.60333154,2.773304099,1847.02771,8.782307965,6.352556492,8.089698405,0.551682492,23.05356184,3.374670352,0,6.45134301,18.75105395,0.602288339,1.22945419,,,,,,,,,,,,,,,,,,,,,,,,,,,,,,,,,,,
1,2,1.125,,2005.1,,,,,,,,,,,,,,,,,,,,150301.0976,65464.4645,3067.3693,4773.4505,1533.6847,,,,,,922.1125,,,153368.4669,2455.7972,77.94,0,0.25,0.74,0,0.49,0.49,1.47,5.64,0.99,7.6,0,0.74,0.98,2.21,0,0,0.49,121.21,16.42569802
1,3,1.875,114.2,2004.1,7.46,-27.3,0.27,2.2,9.44,3.850345575,0.610417398,2327.27905,1.768896835,1.685170153,0.972327591,0.410121967,3.048109128,0.669643609,0,2.841736098,4.736499123,0.362333943,0.643536302,,,,,,,,,,,,,,,,,,,,,,,,,,,,,,,,,,,
1,4,2.625,119.3,2003.2,,,,,,,,,,,,,,,,,,,,,99383.3553,,2028.2317,,,,,,,,,,,,79.11,0.32,1.27,1.27,0.32,0.95,0,0.95,6.33,1.58,3.48,1.27,0.32,0.63,0.95,0,0.95,0.32,70.7,15.10675196
1,5,3.375,124.4,2002.2,7.29,-26.39,0.24,1.88,9.07,2.431608321,0.584777781,1873.96765,1.509860164,1.844057635,1.337715669,0.544704295,1.870916044,0.468912837,0.317989779,3.188482604,4.588125591,0.419426312,0.407773503,,,,,,,,,,,,,,,,,,,,,,,,,,,,,,,,,,,
1,6,4.125,139,2001.3,,,,,,,,,,,,,,,,,,,,205246.6745,115300.3378,5920.5772,3325.9713,,,,3688.3577,1533.6847,,1973.5257,,,211167.2517,7195.5681,77.81,0,0,1.66,0,1.99,0.33,0.33,6.29,0.66,3.97,1.32,0.33,1.66,2.98,0.33,0,0.33,29.66,14.41077115
1,7,4.875,153.5,2000.3,7.26,-26.52,0.25,2.02,9.32,1.635947671,0.499895139,1900.56934,1.195570319,1.354216655,1.506053857,0.557649575,1.287836993,0.345688428,0.02604734,2.442194427,3.451327968,0.295235225,0.373142456,,,,,,,,,,,,,,,,,,,,,,,,,,,,,,,,,,,
1,8,5.625,153.6,1999.5,,,,,,,,,,,,,,,,,,,,198986.2426,132397.8914,7959.4497,5295.9157,,,,,,,,,,206945.6923,,55.24,1.27,0.95,2.22,1.9,0,1.59,0.95,18.73,0.63,3.49,4.13,0,6.67,1.27,0,0.63,0.32,37.51,18.84009574
1,9,6.375,153.6,1998.6,6.89,-27.47,0.26,2.08,9.44,0.6894104,0.823470454,1887.98938,1.074887347,1.318439792,1.399104979,0.578103155,1.077614861,0.314158093,0.037595999,3.157780235,3.990795344,0.332909309,0.270025087,,,,,,,,,,,,,,,,,,,,,,,,,,,,,,,,,,,
1,10,7.125,153.5,1997.8,,,,,,,,,,,,,,,,,,,,171862.7192,118228.2668,19926.1124,13707.6251,,2490.764,99630.5619,,,,,,,191788.8316,99630.5619,64.38,0,0.33,2.61,1.31,1.31,0,0.33,12.09,0.98,1.96,3.27,0,4.9,5.23,0,0,1.31,35.66,15.16990615
1,11,7.875,153.4,1996.9,6.82,-27.3,0.25,2.07,9.59,1.307615093,2.741124558,2640.05249,0.971624626,1.029402413,1.041158286,0.666254104,0.84611443,0.28000534,0.033508863,3.072373754,4.274325318,0.321534765,0.197952745,,,,,,,,,,,,,,,,,,,,,,,,,,,,,,,,,,,
1,12,8.625,145.2,1996.1,,,,,,,,,,,,,,,,,,,,144392.0215,98889.1717,8556.5642,5860.0991,2139.1411,,17113.1285,,1069.5705,,,,1069.5705,152948.5857,21391.4106,59.26,0.62,1.23,0.31,2.16,0,0,1.54,7.41,1.85,16.67,1.23,0.31,4.63,0.93,0,0.62,1.23,37.41,20.30846129
1,13,9.375,137.1,1995.3,6.79,-27.65,0.25,2.01,9.34,1.560414706,3.146895818,2602.4397,1.148779728,1.065794924,1.419819212,0.988796167,1.237373998,0.41422577,0.04957132,3.67865355,4.90632203,0.346277102,0.252199915,,,,,,,,,,,,,,,,,,,,,,,,,,,,,,,,,,,
1,14,10.125,123.2,1994.7,,,,,,,,,,,,,,,,,,,,146182.7636,105978.952,8927.1917,6471.997,2231.7979,,33476.9687,,,,,4463.5958,,155109.9553,40172.3624,65.03,0,0.33,3.59,0.33,1.63,0,0,9.8,0.98,3.92,2.29,1.31,8.17,2.29,0,0,0.33,19.65,17.61787212
1,15,10.875,109.3,1994.2,6.81,-27.53,0.24,1.87,9.18,1.562545023,3.608932353,2599.83325,0.981355163,0.825269321,1.233191494,0.820341419,0.908229292,0.328893433,0.03935941,3.342624056,4.602156683,0.333951153,0.197348625,,,,,,,,,,,,,,,,,,,,,,,,,,,,,,,,,,,
1,16,11.625,124.1,1993.7,,,,,,,,,,,,,,,,,,,,117444.0824,87790.0377,4135.355,3091.1985,4962.426,,6616.568,,827.071,,,,,121579.4374,12406.065,76,2.33,1.33,2.33,2,0,0.33,0.33,5,1,1.33,2.33,0,4.33,0.33,0.33,0,0.67,24.67,16.92662969
1,17,12.375,139,1993.2,6.88,-27.27,0.24,1.91,9.27,1.620219872,3.811256167,2523.91138,1.034901875,0.932993303,1.450901306,0.810974171,0.942598524,0.333305078,0.025114264,3.649774591,4.809953491,0.381612641,0.195968324,,,,,,,,,,,,,,,,,,,,,,,,,,,,,,,,,,,
1,18,13.125,133.7,1992.5,,,,,,,,,,,,,,,,,,,,20217.7938,77992.8105,1503.8028,5801.1182,,,,,,,,,,21721.5966,,76.64,0.33,0.66,0.33,0.99,0,0,0,3.62,0.99,2.3,1.32,0.99,8.55,1.97,0,0.99,0.33,32.2,15.42988792
1,19,13.875,128.5,1991.8,6.81,-27.26,0.24,1.87,9.2,1.629280507,4.18943862,2804.05957,0.920159008,0.792899049,1.403690914,0.782316638,0.879563045,0.357582125,0.02694352,4.146068533,4.865132967,0.469260378,0.180789107,,,,,,,,,,,,,,,,,,,,,,,,,,,,,,,,,,,
1,20,14.625,133.7,1988.3,,,,,,,,,,,,,,,,,,,,14260.5073,59834.4808,1599.3092,6710.4091,533.1031,,4264.8246,,,,,,,15859.8165,4797.9277,80.12,2.14,1.83,0.92,0.31,0,0,0,3.67,4.28,0,4.89,0,0.92,0.92,0,0,0,54.22,12.18774155
1,21,15.375,138.9,1984.8,6.98,-28.12,0.25,1.99,9.37,2.220700446,4.994573686,2686.1416,1.268912986,1.173500572,2.231193274,0.94626078,1.391985273,0.483922436,0.036463159,6.668682975,5.478732771,0.710986672,0.254070664,,,,,,,,,,,,,,,,,,,,,,,,,,,,,,,,,,,
1,22,16.125,144.4,1981.3,,,,,,,,,,,,,,,,,,,,15825.6449,63619.7027,1161.5152,4669.336,725.947,,,,290.3788,,145.1894,,,16987.1601,1161.5152,68.15,0,3.21,1.23,0.74,0.74,0,0,7.16,4.2,3.46,5.68,1.23,1.73,2.22,0,0,0.25,51.15,17.63008678
1,23,16.875,150,1977.9,6.5,-27.05,0.22,1.71,9.21,1.735721522,4.25547268,2799.04639,0.943184827,0.823738994,1.981716256,0.784088019,0.951943733,0.372874044,0.044622667,5.31083247,4.826340508,0.517654484,0.19723924,,,,,,,,,,,,,,,,,,,,,,,,,,,,,,,,,,,
1,24,17.625,149.9,1974.8,,,,,,,,,,,,,,,,,,,,17465.8724,69539.6645,602.2715,2397.9195,,,3161.9252,,150.5679,,150.5679,,,18068.1439,3463.061,64.8,3.12,4.67,1.56,0.93,0.31,0,0,11.53,2.18,0.31,7.48,0.31,0.93,0.62,0,0,1.25,22.48,14.55033005
1,25,18.375,149.9,1971.8,6.14,-27.28,0.22,1.79,9.45,1.599132778,5.347441992,2175.23193,0.762782827,0.742522361,0.940713073,0.665581701,0.76135669,0.307769651,0.023190191,4.512467649,4.300076747,0.504835293,0.177056535,,,,,,,,,,,,,,,,,,,,,,,,,,,,,,,,,,,
1,26,19.125,149.9,1967.4,,,,,,,,,,,,,,,,,,,,14703.46,62511.2434,401.0035,1704.8521,133.6678,,,,,,,,,15104.4635,133.6678,75,1.62,3.25,4.55,0.65,0.65,0,0,7.14,0.97,1.62,1.62,0,1.3,0.97,0,0.65,0,15.05,12.60840669
1,27,19.875,149.9,1963,6.25,-27.21,0.23,1.79,9.26,1.609477398,5.433792264,2168.09521,0.77997265,0.69699249,1.041338864,0.8154142,0.800785393,0.378920486,0.064240533,4.923783818,4.817233782,0.493091775,0.16623345,,,,,,,,,,,,,,,,,,,,,,,,,,,,,,,,,,,
1,28,20.625,153,1960.6,,,,,,,,,,,,,,,,,,,,20436.7254,66020.0408,490.4814,2304.481,163.4938,,1961.9256,,,,163.4938,,,20927.2068,2288.9132,76.92,0,3.21,0.32,0.96,0.32,0,0,7.05,1.28,1.6,3.53,0.32,1.92,0.96,0,0.96,0.64,18.06,13.79273408
1,29,21.375,156.1,1958.3,6.14,-27.03,0.23,1.8,9.23,1.323779679,4.938694544,2646.24194,0.697386609,0.647401722,0.83963141,0.781197764,0.768293204,0.338480713,0.057384549,4.59832514,4.184856398,0.47375222,0.183588905,,,,,,,,,,,,,,,,,,,,,,,,,,,,,,,,,,,
1,30,22.125,156.6,1955.9,,,,,,,,,,,,,,,,,,,,,,,,,,,,,,,,,,,78.88,1.65,0.66,0,0.66,0.33,0,0,5.94,0.33,0.66,4.95,0.33,0.33,1.98,0.33,0.99,1.98,13.58,12.8922508
1,31,22.875,157.2,1953.5,5.97,-27.48,0.22,1.81,9.38,0.987799808,4.207085772,1982.66357,0.510561476,0.540979094,0.683376807,0.54704754,0.537275537,0.269769408,0.045735533,3.680642722,4.038069402,0.479556962,0.133052576,,,,,,,,,,,,,,,,,,,,,,,,,,,,,,,,,,,
1,32,23.625,155.5,1952,,,,,,,,,,,,,,,,,,,,14564.4116,62923.9698,524.8436,2267.5304,,,15689.0598,,131.2109,,656.0546,,,15089.2552,16476.3253,76.16,1.66,1.32,0.66,3.64,0.33,0,0,4.97,0.66,0.66,2.32,0,0.33,0.33,0,4.3,2.65,9.27,14.76686401
1,33,24.375,153.8,1950.5,6.12,-26.94,0.22,1.77,9.23,0.973547149,2.874300955,2440.6731,0.595417418,0.579033756,0.798453084,0.665909375,0.589836554,0.279368717,0.081193643,3.359143887,3.32212882,0.349476265,0.177547767,,,,,,,,,,,,,,,,,,,,,,,,,,,,,,,,,,,
1,34,25.125,161.2,1949,,,,,,,,,,,,,,,,,,,,,,,,,,,,,,,,,,,59.55,0,1.94,6.15,2.27,0.97,0,0,7.44,3.88,3.56,6.47,0.97,1.62,3.88,0.32,0.32,0.65,16.76,18.68281618
1,35,25.875,168.6,1947.4,5.71,-27,0.23,1.93,9.76,1.256611384,4.602378028,2060.58105,0.567101358,0.615627446,0.74976208,0.612071267,0.528903161,0.233826474,0.067957585,3.808690137,3.704075842,0.478657817,0.142789506,,,,,,,,,,,,,,,,,,,,,,,,,,,,,,,,,,,
1,36,26.625,166.5,1945.9,,,,,,,,,,,,,,,,,,,,15018.129,59164.6818,405.8954,1599.0455,,,12582.7567,,,,,,,15424.0244,12582.7567,68.65,1.98,0,0.99,1.32,1.65,0,0,8.25,0.99,1.65,6.6,1.32,0.66,1.32,0,2.64,1.98,8.08,16.79513756
1,37,27.375,164.5,1944.4,5.11,-26.91,0.21,1.6,8.81,1.153240158,4.884010014,1978.43982,0.46536209,0.522902634,0.719394073,0.441780423,0.503502561,0.247187963,0.071840868,3.70356528,2.989857548,0.392937234,0.168403529,,,,,,,,,,,,,,,,,,,,,,,,,,,,,,,,,,,
1,38,28.125,157.2,1942.5,,,,,,,,,,,,,,,,,,,,,,,,,,,,,,,,,,,85.62,0.33,1.63,0,0.98,0.33,0,0,3.92,0.65,0.65,2.61,0.65,0,0.65,0,0.33,1.63,9.66,12.56254228
1,39,28.875,150,1940.6,5.32,-27.12,0.21,1.66,9.1,0.975454202,3.344908878,2677.0813,0.560158063,0.589124217,0.698807196,0.597143148,0.519618586,0.200270024,0.03395291,2.685209835,3.171038853,0.292439525,0.163863835,,,,,,,,,,,,,,,,,,,,,,,,,,,,,,,,,,,
1,40,29.625,144.1,1938.7,,,,,,,,,,,,,,,,,,,,11943.8559,50663.2353,513.7142,1599.0455,128.4286,,7320.4278,,,128.4286,128.4286,,,12457.5701,7577.285,62.7,2.57,1.93,2.57,1.61,0.32,0,0.32,8.36,0.32,0.64,13.5,1.29,0.64,0.96,0.32,0,1.93,9.84,18.61345069
1,41,30.375,138.2,1936.8,4.94,-27.17,0.21,1.81,9.96,0.823449059,1.475698034,2491.69922,0.562953521,0.542014432,0.500005405,0.547235811,0.443830723,0.173000429,0.01303544,1.60374575,1.856965684,0.177971634,0.239008576,,,,,,,,,,,,,,,,,,,,,,,,,,,,,,,,,,,
1,42,31.125,152.3,1934.9,,,,,,,,,,,,,,,,,,,,,,,,,,,,,,,,,,,76.49,2.65,1.32,1.99,0.33,0,0,0,5.63,0.99,1.66,1.32,3.97,0.33,0.99,0.33,0.33,1.66,15.53,14.86214608
1,43,31.875,166.4,1933,4.68,-26.97,0.19,1.45,9,0.90529022,2.445541243,2325.11304,0.409306778,0.449778406,0.641457066,0.481711365,0.440221457,0.193523762,0.032809178,1.654191176,2.332192658,0.152218318,0.188758615,,,,,,,,,,,,,,,,,,,,,,,,,,,,,,,,,,,
1,44,32.625,164.2,1930.4,,,,,,,,,,,,,,,,,,,,16562.0498,64151.2036,414.0512,1603.7801,,,10788.3674,,,138.0171,,,,16976.101,10788.3674,78.64,0.65,0.32,1.62,1.29,0,0,0,2.27,0.32,0.97,4.53,5.18,0,0,0,1.29,2.91,12.54,17.31457819
1,45,33.375,162,1927.7,4.94,-27.2,0.2,1.5,8.89,1.427866707,5.48029301,2002.35474,0.48838954,0.58658722,0.76502435,0.522207248,0.461517532,0.183736374,0.041533155,1.934039879,2.846474882,0.205475367,0.16213652,,,,,,,,,,,,,,,,,,,,,,,,,,,,,,,,,,,
1,46,34.125,159.4,1925.1,,,,,,,,,,,,,,,,,,,,,,,,,,,,,,,,,,,67.21,4.26,1.31,1.97,1.64,0.98,0,0,2.95,2.3,3.61,3.93,3.28,0.66,1.97,1.31,0,2.62,10.26,19.7848475
1,47,34.875,156.8,1922.4,4.75,-26.97,0.19,1.4,8.77,1.248110858,4.987919662,1873.91162,0.37339884,0.506897917,0.733611713,0.366334648,0.378817679,0.149965353,0.025424474,1.425138901,2.206655337,0.143550752,0.171670524,,,,,,,,,,,,,,,,,,,,,,,,,,,,,,,,,,,
1,48,35.625,170.1,1919.8,,,,,,,,,,,,,,,,,,,,16479.6592,70718.7417,510.9972,2192.8292,127.7493,,3065.9831,,,255.4986,255.4986,,,16990.6564,3449.231,76.28,1.92,0.32,1.92,0.32,0.32,0,0.32,6.41,1.28,2.24,3.85,2.56,0,0,0,0.64,1.6,9.83,17.97525794
1,49,36.375,183.4,1917.1,4.82,-27.09,0.18,1.37,8.81,0.968798884,4.30848752,2297.33105,0.32636186,0.41073154,0.49373019,0.376017678,0.314168974,0.113811145,0.019295047,1.311150148,2.166077494,0.133246463,0.145040505,,,,,,,,,,,,,,,,,,,,,,,,,,,,,,,,,,,
1,50,37.125,179.4,1914.4,,,,,,,,,,,,,,,,,,,,,,,,,,,,,,,,,,,59.24,3.23,10.26,2.93,4.99,0,0,0,4.11,0,2.05,4.11,4.99,0.59,0.29,0.88,1.47,0.88,15.45,18.20425239
1,51,37.875,175.4,1911.7,4.75,-27.17,0.18,1.44,9.26,0.515764519,1.516344322,2059.32275,0.238407235,0.269635563,0.258191718,0.278727692,0.247705539,0.094694638,0.007135163,0.875995369,1.388158795,0.091968721,0.178441789,,,,,,,,,,,,,,,,,,,,,,,,,,,,,,,,,,,
1,52,38.625,164.9,1909,,,,,,,,,,,,,,,,,,,,18374.0464,76583.0257,349.9818,1458.7243,,,6824.6458,,,,524.9728,,,18724.0282,7349.6186,72.2,1.92,4.47,0.96,0.32,0.32,0,0,5.11,0,1.6,0.96,7.99,0.32,0.96,0.32,0.96,1.6,18.83,15.09542743
1,53,39.375,154.4,1906.3,4.47,-26.91,0.18,1.49,9.56,1.303647595,2.297143954,2169.72021,0.514173683,0.610367099,1.084775936,0.417796067,0.552674096,0.214840254,0.036423083,1.401775324,2.482995487,0.124035151,0.222583609,,,,,,,,,,,,,,,,,,,,,,,,,,,,,,,,,,,
1,54,40.125,170.3,1903.6,,,,,,,,,,,,,,,,,,,,,,,,,,,,,,,,,,,74.75,3.28,1.64,1.64,2.62,0.66,0,0,3.28,0,0,2.3,6.23,0.33,0,0.66,1.97,0.66,10.34,16.80188451
1,55,40.875,186.2,1900.9,4.28,-26.87,0.18,1.38,9.08,0.891439172,2.61570725,2154.55884,0.327646963,0.35607717,0.728506524,0.422639887,0.320901971,0.159301234,0.046298124,1.072199641,2.103109035,0.107310305,0.152584562,,,,,,,,,,,,,,,,,,,,,,,,,,,,,,,,,,,
1,56,41.625,186.4,1896.3,,,,,,,,,,,,,,,,,,,,15833.3683,67680.5385,1021.5076,4366.4863,127.6885,,8172.0483,,,,,,,16854.8759,8299.7368,69.21,2.32,2.32,0.33,1.65,1.32,0,0,6.29,0.33,1.66,4.64,4.97,0.33,1.99,0.66,0.33,1.66,14.67,16.75144111
1,57,42.375,186.5,1891.6,4.95,-26.6,0.17,1.38,9.47,1.707020997,3.674383294,2172.6438,0.689406848,0.734240776,1.41609976,0.444321495,0.51225469,0.166551837,0.012549544,1.37001333,2.159145848,0.152608087,0.237248767,,,,,,,,,,,,,,,,,,,,,,,,,,,,,,,,,,,
1,58,43.125,173.1,1887,,,,,,,,,,,,,,,,,,,,,,,,,,,,,,,,,,,71.03,1.56,3.43,0.93,0.93,0.93,0,0,5.92,1.25,0.93,3.12,4.67,1.87,0.62,0,2.18,0.62,15.37,15.76610606
1,59,43.875,159.7,1882.3,4.54,-26.34,0.17,1.49,10.16,0.718807029,1.977972947,2450.45557,0.290091973,0.282033031,0.530529132,0.227865177,0.243438633,0.059425787,0.004477684,0.484513754,1.291190335,0.093627156,0.188538147,,,,,,,,,,,,,,,,,,,,,,,,,,,,,,,,,,,
1,60,44.625,165.8,1877.7,,,,,,,,,,,,,,,,,,,,11957.3757,49932.3908,1366.5572,5706.559,,,,,,,,,,13323.9329,,66.12,2.61,3.58,2.93,0.98,0,0,0,7.82,1.95,1.63,1.3,4.23,1.95,2.28,0.98,0.33,1.3,12.3,17.04183318
1,61,45.375,171.9,1873,4.94,-26.39,0.17,1.37,9.31,1.168702998,5.872534515,1842.3822,0.282098817,0.380389255,0.598432205,0.23457188,0.320336867,0.109461347,0.008247823,0.84798126,1.496035474,0.09381364,0.214123844,,,,,,,,,,,,,,,,,,,,,,,,,,,,,,,,,,,
1,62,46.125,180.3,1868.4,,,,,,,,,,,,,,,,,,,,,,,,,,,,,,,,,,,,,,,,,,,,,,,,,,,,,,
1,63,46.875,188.8,1863.7,4.65,-26.8,0.17,1.34,9.28,0.824769574,3.114404035,2032.94385,0.280185542,0.341110043,0.462532644,0.235061418,0.193384946,0.071329705,0.005374635,0.393702476,1.223337009,0.068418853,0.158079862,,,,,,,,,,,,,,,,,,,,,,,,,,,,,,,,,,,
1,64,47.625,189.8,1859.1,,,,,,,,,,,,,,,,,,,,18903.8543,77663.1839,980.1999,4026.9799,,,2800.571,,560.1142,,420.0857,,,19884.0542,3780.7709,58.88,2.63,5.92,3.95,1.97,0.33,0,0,4.93,0,1.97,4.93,9.54,1.64,1.32,0.33,0.33,1.32,10.91,19.71001773
1,65,48.375,190.9,1854.4,4.67,-27.06,0.18,1.53,10.12,0.503633727,1.667610671,2126.7561,0.239912759,0.269146813,0.214543964,0.22702132,0.170717716,0.060997284,0.004596095,0.514513831,0.875155041,0.055976248,0.195071396,,,,,,,,,,,,,,,,,,,,,,,,,,,,,,,,,,,
1,66,49.125,191.4,1849.8,,,,,,,,,,,,,,,,,,,,,,,,,,,,,,,,,,,,,,,,,,,,,,,,,,,,,,
1,67,49.875,191.8,1845.1,4.84,-27.07,0.17,1.47,10.1,0.468422156,1.292244013,2080.86816,0.247090795,0.261284703,0.294117431,0.241689123,0.185642921,0.068228982,0.005140998,0.61008616,0.984129391,0.066506499,0.1886367,,,,,,,,,,,,,,,,,,,,,,,,,,,,,,,,,,,
1,68,50.625,185.3,1840.5,,,,,,,,,,,,,,,,,,,,17736.6282,69777.9818,901.8624,3548.033,150.3104,,,,,,601.2416,,,18638.4906,751.552,66.56,3.61,4.92,0.66,1.31,0.33,0,0,6.23,0,0.98,3.93,5.9,0.33,0.66,1.31,0.98,2.3,15.6,17.57371852
1,69,51.375,178.7,1835.8,4.54,-27,0.18,1.47,9.61,0.487493049,1.307645658,2765.27686,0.282959957,0.299354362,0.213091104,0.265311032,0.207489106,0.070955103,0.002532509,0.64294923,1.03792693,0.066575863,0.199907238,,,,,,,,,,,,,,,,,,,,,,,,,,,,,,,,,,,
1,70,52.125,181.7,1831.2,,,,,,,,,,,,,,,,,,,,,,,,,,,,,,,,,,,,,,,,,,,,,,,,,,,,,,
1,71,52.875,184.7,1826.5,4.35,-26.9,0.17,1.51,10.37,0.560514944,1.981081745,2525.28467,0.128991613,0.238477715,0.463336008,0.292956065,0.218038622,0.171335509,0.006115258,1.436947088,2.324565214,0.162205184,0.093797593,,,,,,,,,,,,,,,,,,,,,,,,,,,,,,,,,,,
1,72,53.625,167.3,1821.9,,,,,,,,,,,,,,,,,,,,16234.4824,68248.7416,536.6771,2256.1567,,,2951.7241,,,,,,,16771.1595,2951.7241,57.51,4.15,4.47,2.24,2.56,0.64,0,0,7.67,0,1.92,3.83,7.35,0,2.24,0.32,3.83,1.28,11.93,17.87099042
1,73,54.375,149.9,1817.2,4.24,-26.74,0.17,1.52,10.2,0.495188344,1.778571656,2764.14038,0.249825663,0.274486653,0.268380906,0.261495083,0.208497511,0.073514453,0.002623857,0.574461075,0.851575271,0.055347845,0.244837442,,,,,,,,,,,,,,,,,,,,,,,,,,,,,,,,,,,
1,74,55.125,164,1812.6,,,,,,,,,,,,,,,,,,,,,,,,,,,,,,,,,,,,,,,,,,,,,,,,,,,,,,
1,75,55.875,178.1,1807.9,4.6,-26.64,0.16,1.31,9.62,0.437843074,1.119049007,2735.79175,0.2577286,0.251693571,0.255504281,0.264374961,0.214260799,0.081158868,0.002776656,0.618250869,1.016413336,0.065711622,0.210800854,,,,,,,,,,,,,,,,,,,,,,,,,,,,,,,,,,,
1,76,56.625,185.4,1803.3,,,,,,,,,,,,,,,,,,,,11802.5338,48191.3381,530.4509,2165.9028,265.2255,,3050.1063,,,,530.451,,,12332.9847,3845.7828,67.99,1.65,1.98,2.64,1.65,0,0,0,7.92,0.33,0.99,4.95,6.27,0,1.32,0.33,0.66,1.32,11.82,17.6275938
1,77,57.375,192.8,1798.6,4.43,-26.69,0.17,1.46,9.95,0.474912939,1.236217496,2099.89062,0.250138451,0.244466347,0.279887105,0.233523355,0.213536374,0.07987448,0.006018477,0.575053159,0.940316295,0.066270848,0.227089943,,,,,,,,,,,,,,,,,,,,,,,,,,,,,,,,,,,
1,78,58.125,178.8,1794,,,,,,,,,,,,,,,,,,,,,,,,,,,,,,,,,,,,,,,,,,,,,,,,,,,,,,
1,79,58.875,164.8,1789.3,4.9,-26.66,0.18,1.56,9.89,0.517005885,1.437116699,2920.12085,0.238937975,0.272754795,0.297119598,0.257544312,0.221939062,0.074998221,0.005651054,0.60495638,0.954866613,0.060857282,0.232429387,12445.09,49930.7281,565.6859,2269.5786,,,,,,,,,,13010.7759,,72.61,1.32,3.63,4.95,0.99,0.66,0,0,5.61,0,0.99,1.98,5.28,0,0.33,0.99,0.33,0.33,12.95,15.57858895
1,80,59.625,171.9,1784.7,,,,,,,,,,,,,,,,,,,,,,,,,,,,,,,,,,,,,,,,,,,,,,,,,,,,,,
1,81,60.375,179,1780,4.83,-26.95,0.17,1.53,10.23,0.556516946,1.651341576,2123.05835,0.251650634,0.30630242,0.247350013,0.201029653,0.166599832,0.042881039,0.005131669,0.259956006,0.586953458,0.046687919,0.283838232,,,,,,,,,,,,,,,,,,,,,,,,,,,,,,,,,,,
1,82,61.125,178.2,1775.4,,,,,,,,,,,,,,,,,,,,,,,,,,,,,,,,,,,,,,,,,,,,,,,,,,,,,,
1,83,61.875,177.4,1770.7,4.48,-26.38,0.17,1.43,9.99,0.547113181,1.418320239,2513.54053,0.249742492,0.258286044,0.570355185,0.220069864,0.220151581,0.08725351,0.02535871,0.757907029,1.422203222,0.073782969,0.154796148,,,,,,,,,,,,,,,,,,,,,,,,,,,,,,,,,,,
1,84,62.625,189.1,1766.1,,,,,,,,,,,,,,,,,,,,12471.159,56063.4736,470.6097,2115.6028,117.6524,,705.9147,,,,,,,12941.7687,823.5671,71.01,0.65,4.23,2.61,0.98,0.33,0,0,5.21,0,4.56,2.28,3.26,0.65,1.63,0.65,0.33,1.63,23.23,16.09652686
1,85,63.375,200.7,1761.4,4.61,-26.25,0.17,1.5,10.39,1.321873056,1.187990425,3106.46802,0.519000776,0.670665521,1.218149618,0.304134244,0.318941958,0.109147034,0.003895645,0.683495943,1.080344576,0.06253918,0.295222437,,,,,,,,,,,,,,,,,,,,,,,,,,,,,,,,,,,
1,86,64.125,195.6,1756.8,,,,,,,,,,,,,,,,,,,,,,,,,,,,,,,,,,,,,,,,,,,,,,,,,,,,,,
1,87,64.875,190.4,1752.1,4.74,-26.32,0.16,1.37,9.95,0.426391967,1.685158923,2604.61353,0.197868199,0.235595019,0.126725734,0.220669098,0.171393507,0.04583703,0.001636002,0.306454147,0.742718906,0.057706576,0.230764971,,,,,,,,,,,,,,,,,,,,,,,,,,,,,,,,,,,
1,88,65.625,181.9,1747.5,,,,,,,,,,,,,,,,,,,,10947.4412,45957.5747,,,,,1055.1751,,,,131.8969,,,10947.4412,1187.072,64.33,3.5,0.96,1.91,1.59,0.32,0,0,6.37,0.32,2.55,9.55,4.78,0,0,1.27,0.64,1.91,13.3,18.40555365
1,89,66.375,173.4,1742.8,4.71,-26.5,0.16,1.23,9.01,0.425399293,2.005867963,2191.17383,0.18307932,0.22454983,0.379992367,0.2075036,0.173914728,0.072199928,0.005440205,0.728865179,1.174540102,0.084062214,0.14807049,,,,,,,,,,,,,,,,,,,,,,,,,,,,,,,,,,,
1,90,67.125,165.8,1738.2,,,,,,,,,,,,,,,,,,,,,,,,,,,,,,,,,,,,,,,,,,,,,,,,,,,,,,
1,91,67.875,158.1,1733.5,4.63,-26.11,0.16,1.21,9.05,0.384095574,1.640662114,2042.42249,0.187958473,0.214655863,0.356790617,0.178144418,0.170130587,0.067178623,0.005061854,0.61478165,0.985146426,0.07833716,0.172695736,,,,,,,,,,,,,,,,,,,,,,,,,,,,,,,,,,,
1,92,68.625,166.7,1728.9,,,,,,,,,,,,,,,,,,,,14343.3195,60093.8998,417.7666,1750.3078,,,1114.0442,,,,,,,14761.0861,1114.0442,74.68,2.22,1.9,0.95,2.85,0.95,0,0,0.95,0,4.75,2.53,2.85,0.32,0.32,0.95,2.85,0.95,6.68,17.34021461
1,93,69.375,175.3,1724.2,4.56,-26.26,0.16,1.36,9.78,0.334882664,0.78045175,2172.46118,0.211228552,0.238778481,0.252095847,0.195799392,0.210710705,0.065304268,0.002330821,0.574858341,0.959126386,0.066968151,0.219690239,,,,,,,,,,,,,,,,,,,,,,,,,,,,,,,,,,,
1,94,70.125,169.4,1719.6,,,,,,,,,,,,,,,,,,,,,,,,,,,,,,,,,,,,,,,,,,,,,,,,,,,,,,
1,95,70.875,163.5,1714.9,4.45,-26.93,0.15,1.23,9.49,0.457587293,1.075265203,2259.85962,0.255161055,0.273933168,0.272993872,0.310577755,0.250638407,0.078697235,0.005929772,0.616949727,1.039188598,0.073762483,0.241186641,,,,,,,,,,,,,,,,,,,,,,,,,,,,,,,,,,,
1,96,71.625,,1710.3,,,,,,,,,,,,,,,,,,,,12741.744,49715.0257,271.1009,1057.7665,,,1084.4037,,,,,,,13012.8449,1084.4037,58.96,2.61,2.93,1.63,2.61,0.65,0,0,6.84,0,1.63,4.89,9.77,0.65,1.63,0.98,2.28,1.95,6.58,20.9979086
1,97,72.375,,1705.6,4.73,-26.79,0.16,1.24,9.11,0.269429779,1.168913666,2011.04407,0.186790768,0.238340332,0.300338705,0.274177921,0.185950961,0.064804523,0.043946709,0.525934279,1.088957961,0.08779262,0.170760459,,,,,,,,,,,,,,,,,,,,,,,,,,,,,,,,,,,
1,98,73.125,,1701,,,,,,,,,,,,,,,,,,,,,,,,,,,,,,,,,,,,,,,,,,,,,,,,,,,,,,
1,99,73.875,,1696.3,4.54,-26.74,0.16,1.31,9.36,0.516140554,1.570000276,2194.54932,0.262091168,0.299390643,0.332250161,0.269195084,0.204821897,0.05049269,0.003804583,0.476104399,0.980845322,0.079480357,0.208821812,,,,,,,,,,,,,,,,,,,,,,,,,,,,,,,,,,,
